	A_tot	Perf_tot	Perf_area
0	6.107972738754681e-06	9	1.956318911746557e-06
1	9.288797073292389e-06	12	4.239461169072169e-06
2	6.218148434861769e-06	8	1.942601137829561e-06
3	6.623296031666257e-06	7	1.8386783814520963e-06
4	7.557161639683561e-06	12	3.289715855049928e-06
5	7.963479191532628e-06	11	3.3736636950987764e-06
6	9.143041795058229e-06	10	3.7415670896147446e-06
7	8.370662263049272e-06	11	3.9815346143732505e-06
8	8.685743106800004e-06	8	3.2834492235208856e-06
9	6.811779698308982e-06	8	2.007872421964336e-06
10	8.667061083843577e-06	14	4.751515117635715e-06
11	9.408758314684948e-06	13	5.0554495604232e-06
12	8.351248774016573e-06	8	2.3692528891813197e-06
13	8.782698067174067e-06	12	4.018669406114166e-06
14	6.513796103129561e-06	7	1.8057713966102474e-06
15	7.022727245043122e-06	10	2.5289921847159947e-06
16	7.269884257646397e-06	6	2.0387838135543385e-06
17	6.528366319793971e-06	7	1.526692889610697e-06
18	8.479537606629778e-06	5	2.8308714972271778e-06
19	8.082462952654265e-06	11	3.3859621769404377e-06
20	7.2642819897743286e-06	6	1.6334732015162884e-06
21	9.855579271621682e-06	11	4.737031568244848e-06
22	6.2315937874793565e-06	5	1.0791386841171803e-06
23	8.889054820405454e-06	14	4.305812782415181e-06
24	7.655055496694056e-06	8	2.841412341352315e-06
25	7.0097624441314425e-06	10	2.0417256358870377e-06
26	9.269002729284218e-06	10	4.3042761687562915e-06
27	8.694074488296616e-06	12	4.19977977146096e-06
28	1.3103861227527637e-05	7	7.3322705808764255e-06
29	1.4669267822745279e-05	11	1.0148583550262924e-05
30	7.715551902392487e-06	8	2.7251674649027536e-06
31	7.737129810371794e-06	9	2.747116173117859e-06
32	7.502683648926502e-06	12	3.4353553424432775e-06
33	7.684954342026526e-06	8	2.591414376259829e-06
34	6.582355519891393e-06	8	1.7558799467600942e-06
35	8.823119007233684e-06	12	4.1825132950346934e-06
36	7.5390335546228594e-06	11	2.9415463625378735e-06
37	1.0253250317123842e-05	10	5.018820391504366e-06
38	6.377829093435298e-06	9	1.9227429700884993e-06
39	9.194660239108686e-06	11	3.72132145428207e-06
40	8.509747241318378e-06	10	4.0354820093094525e-06
41	7.472322682977695e-06	10	3.4768582596821194e-06
42	8.155600667811255e-06	10	3.308829779087133e-06
43	8.792571296436453e-06	16	4.56272610052052e-06
44	9.99116845448341e-06	11	5.492786009252049e-06
45	7.899906540219736e-06	10	3.2334165296134733e-06
46	9.976031185038525e-06	9	4.634784934213235e-06
47	7.88262871342293e-06	8	2.8586383354702747e-06
48	9.817959832936968e-06	13	4.9222149461269676e-06
49	8.928464420820855e-06	10	4.075104440643407e-06
50	6.079111207633594e-06	5	9.940520330343642e-07
51	6.669278114400885e-06	10	2.501832891132676e-06
52	6.849994475210473e-06	12	2.7735907688474725e-06
53	7.01414160443695e-06	8	2.2161519671674262e-06
54	9.48262322071179e-06	12	4.8879196799685815e-06
55	8.52749279354806e-06	8	3.0486505222551225e-06
56	9.127861466214948e-06	10	4.096152039221934e-06
57	7.77723064309069e-06	9	3.119048107311663e-06
58	7.4586467198431635e-06	8	2.2653478797016566e-06
59	8.81474145300857e-06	10	3.903843501022457e-06
60	1.0691528824967079e-05	13	6.034317534732789e-06
61	5.919244758945315e-06	8	1.761082489670228e-06
62	8.697704476914355e-06	9	3.765767069421163e-06
63	7.4514034908387524e-06	11	2.9861353815809448e-06
64	6.940759574926497e-06	9	2.177948477632609e-06
65	7.866850775649046e-06	10	3.541176364077714e-06
66	6.702780360871364e-06	8	1.7392659135546684e-06
67	6.214968852490328e-06	7	1.5175637381810089e-06
68	7.696550548825864e-06	11	2.9089475408116616e-06
69	5.9602017812052375e-06	4	1.2347942625704027e-06
70	9.21998280821452e-06	13	4.439124073026304e-06
71	8.456594873453087e-06	12	3.8241469245578744e-06
72	6.944222850888564e-06	10	2.9247840891957393e-06
73	7.223927197932983e-06	11	3.0406502612442088e-06
74	8.107957972616102e-06	11	3.7474131850258635e-06
75	6.428525273697348e-06	11	2.7127452755935413e-06
76	9.716517456582449e-06	10	4.925816197820908e-06
77	7.197733852791465e-06	9	2.549096477995112e-06
78	8.309942806637271e-06	11	3.8039253488720943e-06
79	7.882169851425247e-06	10	3.151904475134955e-06
80	8.181884814551117e-06	9	2.852215186187434e-06
81	7.417027435953366e-06	9	2.260470909317575e-06
82	7.836959531196651e-06	6	2.643242252523898e-06
83	8.638266153099088e-06	11	3.9036040200715836e-06
84	6.067579811210005e-06	8	1.4997584125034581e-06
85	6.191836921062849e-06	8	1.4803771065339346e-06
86	7.964008624370183e-06	10	3.217205121285083e-06
87	5.806803319317462e-06	6	1.2441746843225988e-06
88	6.65757428613293e-06	8	2.1320694329489373e-06
89	7.441133054198886e-06	9	2.4253413648448425e-06
90	6.550246986127314e-06	8	1.6867437980631894e-06
91	7.409280843248843e-06	7	2.200156167757867e-06
92	8.369446764092547e-06	10	3.5630998772875064e-06
93	7.083227697749134e-06	6	1.7371597186864188e-06
94	6.6028137420150905e-06	7	1.926665753213382e-06
95	9.080357913275956e-06	10	3.914504067694577e-06
96	7.651475030168028e-06	13	3.1533989024146783e-06
97	8.547707401646168e-06	8	3.3916515643288505e-06
98	6.499502321618071e-06	4	1.4221329664071876e-06
99	8.313611668932786e-06	10	3.3633746751951064e-06
100	6.293023795273437e-06	9	1.8999655541961523e-06
101	1.142239823618651e-05	11	6.9832814970253075e-06
102	6.106928413074687e-06	3	7.459118730914642e-07
103	7.837613733269021e-06	9	2.726949879243192e-06
104	7.192617188200622e-06	7	2.133316134590209e-06
105	6.210218218750654e-06	8	1.9258098103783866e-06
106	8.380144946676455e-06	13	3.947087898375813e-06
107	6.497331657047851e-06	7	1.7406580659607896e-06
108	1.1085447295500872e-05	12	6.056083594397181e-06
109	7.383361205817872e-06	7	2.1576281457268744e-06
110	6.94706846603693e-06	8	2.014722346194228e-06
111	8.319873994424528e-06	11	3.169024932912656e-06
112	1.0536133193126245e-05	15	6.196608771711731e-06
113	6.626959316748295e-06	5	1.3925119592154169e-06
114	8.327691056118857e-06	10	3.772655422315133e-06
115	9.273558179502122e-06	14	5.084206367793733e-06
116	7.138918788739697e-06	4	1.0356785711099785e-06
117	1.3522294713169147e-05	9	9.08427217466665e-06
118	8.915225097537207e-06	12	3.784503244555361e-06
119	7.243943663650171e-06	7	2.0752049131026345e-06
120	8.189406606762599e-06	8	2.9640835332469508e-06
121	6.704399920300761e-06	8	1.8740399779682745e-06
122	7.789894735983585e-06	9	2.3932993127591495e-06
123	7.075157864676393e-06	9	2.4592187257174447e-06
124	6.711399968374483e-06	7	2.037600098641622e-06
125	7.088657685965612e-06	9	2.1821313683552207e-06
126	6.801307686941936e-06	7	2.163751258781393e-06
127	9.590688343687594e-06	11	4.716730976245035e-06
128	1.0518002117650746e-05	16	6.299503178550127e-06
129	8.706602027203694e-06	10	3.6857596774535308e-06
130	8.237608357810128e-06	9	3.348868856085126e-06
131	7.70469310525542e-06	3	2.424699272998841e-06
132	6.9307777825669936e-06	7	1.8735709734938454e-06
133	7.290315315453101e-06	9	2.9689280322969406e-06
134	6.2625500017371814e-06	8	1.6318532696155151e-06
135	6.577234564674062e-06	8	1.4609987052350325e-06
136	5.817939568873391e-06	7	1.4550820697564846e-06
137	1.0161801121204158e-05	12	5.887272403579868e-06
138	7.085231026184796e-06	4	1.4390880188866087e-06
139	7.018729810843394e-06	10	2.6075636668676577e-06
140	7.130056854728888e-06	10	2.5918246867310105e-06
141	8.350628557737363e-06	9	3.8082890552671608e-06
142	7.954935632969873e-06	10	3.363463570742415e-06
143	6.184644427811549e-06	8	1.5986835050650013e-06
144	5.5861222954413625e-06	7	1.332629491339146e-06
145	7.130609282904965e-06	9	2.4730464937871328e-06
146	7.5405352119691785e-06	11	2.971220006361243e-06
147	8.090012484097105e-06	12	3.630905930360591e-06
148	7.616416615973591e-06	14	3.3851389646008143e-06
149	8.209086070102546e-06	13	3.737988700445313e-06
150	9.536769432802962e-06	10	4.866453753847217e-06
151	7.345444851571652e-06	12	3.0592631376911523e-06
152	1.1716020658478144e-05	10	6.904530016458966e-06
153	6.2912873101282824e-06	9	1.821990677287704e-06
154	7.8198230232845e-06	9	2.469213379253284e-06
155	1.038936400108123e-05	10	5.697176649087635e-06
156	8.04558219153873e-06	9	3.5174218477921754e-06
157	9.13476879502897e-06	11	4.3227434340222295e-06
158	9.237551061954242e-06	13	4.7105468599373265e-06
159	8.578738244813347e-06	13	4.062890347975438e-06
160	6.786034877607721e-06	6	1.7805944692203674e-06
161	9.843876762470433e-06	13	5.291332943850357e-06
162	8.677715832131186e-06	14	4.555086555622869e-06
163	6.476990152496287e-06	6	1.6430554840509847e-06
164	8.188091061973524e-06	11	3.370117095431169e-06
165	6.912819793752421e-06	9	2.2608491687925273e-06
166	7.670530290491314e-06	10	3.274205545775528e-06
167	7.348270422364621e-06	9	2.586363115157588e-06
168	6.3661825778971976e-06	10	2.135141738137004e-06
169	6.4423253974502825e-06	7	1.5961929379298808e-06
170	7.225805223530459e-06	9	2.14516657313425e-06
171	7.142192522252458e-06	8	1.9579859129079506e-06
172	6.611368993540319e-06	7	2.4592581204029226e-06
173	7.337816479380042e-06	8	1.8674175566873984e-06
174	8.422134383159153e-06	10	3.6782296009338056e-06
175	1.254430180719842e-05	12	8.20402342866746e-06
176	9.331598624527451e-06	12	4.466215384418799e-06
177	6.691091690905716e-06	8	1.452125892544426e-06
178	6.257412553301491e-06	10	2.3557816249078095e-06
179	9.047980865054467e-06	13	4.609126300969994e-06
180	8.604689814573707e-06	12	4.167537501617998e-06
181	6.37545688724929e-06	5	1.4622820641473303e-06
182	8.31609373863227e-06	11	3.4207467460447526e-06
183	6.8403589584253505e-06	10	2.491823485288371e-06
184	8.452068124514557e-06	11	4.088558142773889e-06
185	6.420210495136579e-06	9	1.634269970141499e-06
186	7.358576497649969e-06	6	1.7581425553775787e-06
187	8.474908837650424e-06	12	3.588041043241482e-06
188	7.432682419629292e-06	11	2.793756396558529e-06
189	7.007429675171302e-06	9	2.1296227984898326e-06
190	7.618790370365352e-06	9	2.5902019260485814e-06
191	8.011649627383006e-06	10	3.158583382494144e-06
192	7.676953557097651e-06	13	3.258153462911646e-06
193	7.221543048703215e-06	8	2.445527578807232e-06
194	8.49938298718934e-06	11	3.908451132991061e-06
195	6.73407443107961e-06	10	2.4825858563695432e-06
196	9.724462417739801e-06	9	4.775849479258641e-06
197	7.270440188724459e-06	7	2.2459223058141264e-06
198	6.054995676480871e-06	10	2.107411582044205e-06
199	8.143948138428092e-06	9	2.58242995933815e-06
200	5.7364159212970836e-06	3	6.691717792430988e-07
201	6.731262515105283e-06	7	1.6592230377684848e-06
202	7.311272106646402e-06	4	1.6287030108949707e-06
203	6.067255625340529e-06	6	1.6130907722110262e-06
204	8.267879398358425e-06	7	2.7099696887898706e-06
205	7.568210765542743e-06	7	2.2304257277136974e-06
206	8.808386032992432e-06	12	3.879023648487366e-06
207	7.74491092013465e-06	8	2.6072861858346254e-06
208	8.664813712248554e-06	13	4.136047615663233e-06
209	7.610613898472089e-06	10	3.1460775272888142e-06
210	7.898479378808958e-06	11	3.0788125491395933e-06
211	6.484180518266214e-06	7	1.8386320694626535e-06
212	1.2612297488803115e-05	8	7.116997416976451e-06
213	7.286785532883981e-06	11	2.841846370942966e-06
214	8.664047113307495e-06	12	3.95856392609881e-06
215	6.4752917567348416e-06	7	2.107427665562689e-06
216	7.464758970237178e-06	6	1.4259808627889917e-06
217	8.452401686818351e-06	14	4.150804777041077e-06
218	8.055684393968762e-06	8	3.127439636594826e-06
219	9.17113952308661e-06	13	5.2354145712254525e-06
220	6.78547269398699e-06	7	2.1257324692743635e-06
221	1.1700511556578537e-05	13	7.218980438515034e-06
222	7.091114348916204e-06	9	2.1826350416337628e-06
223	5.870788347628005e-06	5	1.1465791085967667e-06
224	6.658542395984973e-06	6	1.5385376313781862e-06
225	7.51599523398283e-06	9	2.692653996371104e-06
226	7.963469094513516e-06	11	3.4051021858697178e-06
227	7.260508826183309e-06	9	2.2898775780498137e-06
228	8.985591389434983e-06	8	3.229881114917674e-06
229	7.23952769592401e-06	11	2.660498160463618e-06
230	9.535816150482072e-06	11	4.228719681652822e-06
231	7.85386024609139e-06	13	3.150624234245099e-06
232	1.087273668088309e-05	9	5.594736373881463e-06
233	7.307029778131124e-06	8	2.358337641156143e-06
234	8.423557897610192e-06	10	2.991281934784589e-06
235	8.260702034865845e-06	9	3.3388912168885602e-06
236	6.758108615772317e-06	4	1.408948729005287e-06
237	7.262769740139428e-06	9	2.273954526079789e-06
238	7.383820787016375e-06	9	2.1523630379335887e-06
239	8.222516497003927e-06	14	3.508886425336287e-06
240	9.266274313467478e-06	10	4.771601904465418e-06
241	8.474576580272471e-06	10	3.6219743190192458e-06
242	1.5669782699301193e-05	9	1.0809847947696082e-05
243	7.136183912220455e-06	6	2.305895253879413e-06
244	8.38235117823456e-06	11	3.829931327964573e-06
245	7.007519221514683e-06	8	1.8593020588009584e-06
246	5.860261055428325e-06	4	1.1098045729267123e-06
247	1.2403837668849873e-05	8	6.795674250600239e-06
248	7.006673323185853e-06	11	2.467874924305283e-06
249	7.689512260557939e-06	7	2.4102736988860012e-06
250	7.067315944609222e-06	8	1.950160668276437e-06
251	8.654269049293534e-06	11	3.272284564015241e-06
252	7.456648889604549e-06	11	3.456903740331275e-06
253	7.210248922690009e-06	11	2.401756312291024e-06
254	5.987909675601378e-06	6	1.1902886321298054e-06
255	6.979023108910265e-06	10	2.2842428639129857e-06
256	6.034136357852442e-06	11	2.147566726540274e-06
257	7.673929109748088e-06	10	2.5697364578139255e-06
258	6.395183127788994e-06	10	1.9718075023233064e-06
259	8.21814168453868e-06	8	2.636931019437911e-06
260	8.762662751083975e-06	10	3.742585462138097e-06
261	1.564477623706707e-05	10	1.0647216238064196e-05
262	6.850488942213591e-06	11	2.9463804143660078e-06
263	8.502035597503407e-06	10	3.674836893331029e-06
264	8.486952170910565e-06	10	3.819469262688991e-06
265	7.2776938950759545e-06	9	2.1843451066816645e-06
266	1.090565363683227e-05	11	5.961476769423221e-06
267	8.139089808023038e-06	11	2.800808751192292e-06
268	7.071105506779658e-06	8	2.1740467356338217e-06
269	1.0190419474056106e-05	10	5.540203105307688e-06
270	6.509616595304645e-06	10	2.197086234037001e-06
271	1.0499800152106772e-05	11	5.098682327828634e-06
272	8.275355912429128e-06	11	3.7072744284687587e-06
273	6.222357051908002e-06	7	1.5382197436174105e-06
274	7.119419863854842e-06	8	1.7521185754489205e-06
275	9.038519940140683e-06	11	4.174176328443226e-06
276	7.113492056155903e-06	6	1.7156040356464196e-06
277	6.362190768832294e-06	7	1.5074864301553781e-06
278	6.473598181603779e-06	6	1.9185443998317586e-06
279	8.876012861642784e-06	9	3.4925642034107962e-06
280	8.050682588969176e-06	8	3.0886432519720608e-06
281	8.498836718365931e-06	12	3.7620988074556368e-06
282	9.556655533223862e-06	11	4.896688258662136e-06
283	6.897937317546645e-06	8	2.3176823227964108e-06
284	8.554983181588824e-06	14	3.916849808279502e-06
285	9.53274892753389e-06	10	4.262809707489966e-06
286	7.578318823259429e-06	12	3.1786882481200054e-06
287	1.2663135538467977e-05	12	7.750594139593375e-06
288	1.0507089336424986e-05	12	5.4537451866289755e-06
289	8.148686257788332e-06	14	4.2962938951677035e-06
290	7.950393858285894e-06	14	3.317842556840029e-06
291	7.156946030893807e-06	8	1.8081866623806736e-06
292	7.260701176968168e-06	9	2.604419062475415e-06
293	6.118183820576563e-06	9	1.958897955458032e-06
294	7.342332421397614e-06	8	2.164458903162591e-06
295	9.622103807411084e-06	9	4.260343075009341e-06
296	8.789935387235778e-06	10	3.979370126965101e-06
297	7.417103441625444e-06	7	2.3910254194822934e-06
298	1.022901001999343e-05	16	6.34828064620603e-06
299	7.690059597572517e-06	9	2.9555381935388043e-06
300	8.013245877072618e-06	10	3.265573870128199e-06
301	9.484939386379992e-06	10	5.1749495465115776e-06
302	8.791433454771117e-06	13	4.462501912853634e-06
303	7.203920180829173e-06	6	2.0664920138130205e-06
304	7.692745843845521e-06	9	2.737801227970441e-06
305	6.235745536482412e-06	6	1.3991339176634375e-06
306	7.904510658614735e-06	11	3.208046252292143e-06
307	6.770515013741241e-06	9	2.764241679025532e-06
308	7.64361342700146e-06	8	2.7376435562845818e-06
309	7.3268682330100665e-06	8	1.6920455118424544e-06
310	1.0301476654961883e-05	6	4.620476638419907e-06
311	7.048517474516075e-06	10	2.3175720266228517e-06
312	9.320158782223523e-06	12	4.621317404020744e-06
313	7.05012622081471e-06	10	2.6960794725923932e-06
314	1.0299534419686172e-05	14	5.671441844951745e-06
315	7.707069188272423e-06	11	3.032422028885771e-06
316	8.285877663277976e-06	9	3.0080278691493023e-06
317	7.66825093399586e-06	8	2.5076836896094937e-06
318	7.983870291809848e-06	10	2.9609283997835983e-06
319	7.0495160978534995e-06	8	2.3750362168459693e-06
320	7.743492093842597e-06	11	2.9460569082077666e-06
321	7.826685080865378e-06	9	2.9835729782189895e-06
322	5.85702094719647e-06	8	1.6525552114078223e-06
323	8.734632303168364e-06	11	4.17275588360449e-06
324	7.824656386214552e-06	8	2.5874914889772167e-06
325	7.205204770474765e-06	7	1.8547068832916841e-06
326	7.777901718059769e-06	10	3.204979015548242e-06
327	7.333011839971817e-06	10	3.0589615830026524e-06
328	8.299946925108544e-06	10	3.4869788068404627e-06
329	7.89972141922478e-06	11	2.951287496744562e-06
330	7.596655457982699e-06	8	2.2417835752557333e-06
331	7.272205373163977e-06	12	2.635226601837959e-06
332	8.176457900929113e-06	11	4.0816855191199635e-06
333	7.09055574460375e-06	10	2.860536356100906e-06
334	8.217823705269909e-06	9	2.6886274403855584e-06
335	7.985033145330448e-06	10	2.991129553396984e-06
336	8.97600053165243e-06	12	4.349748330869585e-06
337	8.754711248682398e-06	9	4.19827400856883e-06
338	6.823698445850703e-06	8	2.0169464863848265e-06
339	9.974032433077704e-06	11	5.165606242969598e-06
340	6.273169638004779e-06	6	1.2863267109983986e-06
341	7.5223706486622404e-06	12	3.5106725753674965e-06
342	7.317499667038557e-06	11	2.736051619395728e-06
343	6.840808154335205e-06	8	1.90617245090281e-06
344	8.398708783575993e-06	12	3.0999918871482565e-06
345	6.5202648078414146e-06	8	1.7434973848224505e-06
346	7.4584622906317104e-06	10	2.6774734193481157e-06
347	1.0261084671816725e-05	11	5.19655042207489e-06
348	1.1564061199532368e-05	12	6.445778709735893e-06
349	7.2939021214151174e-06	9	2.4030085977576962e-06
350	8.518429132254514e-06	9	3.6113792402366406e-06
351	6.703176386420414e-06	9	1.7478107602418555e-06
352	9.986702831541425e-06	10	4.4122168559418936e-06
353	7.723525119935388e-06	10	2.8119603257886477e-06
354	7.474597574145251e-06	8	2.6007124379805013e-06
355	8.857128586635013e-06	11	3.6717811708749777e-06
356	8.136277402598693e-06	8	2.7127317789575218e-06
357	9.143839322337504e-06	15	4.949900188800202e-06
358	7.911335008569723e-06	13	3.6311276691696393e-06
359	7.987937473079114e-06	9	3.4509309002078696e-06
360	8.116476413546064e-06	11	3.2041652204688304e-06
361	9.348678738219567e-06	11	4.5691563026970475e-06
362	1.157239167816628e-05	11	6.622168772032699e-06
363	5.948444519091449e-06	9	1.9861900525073986e-06
364	7.301692366071383e-06	6	2.1171078215507213e-06
365	8.577962513301154e-06	9	3.6946270057147634e-06
366	8.757344318233353e-06	15	5.098676109960985e-06
367	9.422248813203394e-06	10	4.360421055555226e-06
368	6.977443077364328e-06	9	2.168872799038116e-06
369	6.934284938487028e-06	9	2.0446303024062238e-06
370	1.1135289777489264e-05	11	6.770041402696226e-06
371	9.065820888814692e-06	10	4.602572706348605e-06
372	7.68477754787213e-06	12	3.2496108629825015e-06
373	1.098405464446865e-05	10	5.285847542205949e-06
374	7.98150087601482e-06	5	2.5900500377824686e-06
375	8.216438263592969e-06	9	2.98837212954394e-06
376	6.464758566892352e-06	9	2.370223474789619e-06
377	8.376422503518543e-06	9	3.045028719113266e-06
378	9.441321417100571e-06	7	4.144788978118032e-06
379	7.3722199005708774e-06	9	2.3883274815711727e-06
380	7.1084291032945335e-06	12	3.121754350357637e-06
381	8.931856138166364e-06	12	4.34004169820103e-06
382	9.078773714738572e-06	11	4.588678931548915e-06
383	8.299803641296454e-06	11	3.623772002547212e-06
384	6.912739850679857e-06	5	1.2837912034619445e-06
385	7.005113729058677e-06	9	2.4241297849416815e-06
386	7.657847104657815e-06	9	2.8003972476594895e-06
387	7.363729364701815e-06	9	2.475522949417905e-06
388	7.663544386689357e-06	9	2.9720101735399615e-06
389	5.729403520343591e-06	5	1.1447400765651956e-06
390	5.9646422008519544e-06	6	1.386117319827275e-06
391	8.645545912443856e-06	15	4.924277516281193e-06
392	9.811474143109792e-06	12	5.165376458256729e-06
393	8.883017380128311e-06	6	3.702417715791666e-06
394	7.521126848756705e-06	10	2.935853645644607e-06
395	8.861020601976636e-06	9	3.0571519412203846e-06
396	9.066176978126253e-06	9	4.0003521237838146e-06
397	6.832278044903667e-06	9	1.9546643263577055e-06
398	7.066009178508044e-06	9	2.597192509826175e-06
399	6.85906336900101e-06	12	2.6729292400421755e-06
400	7.048614550972256e-06	7	1.4812080345688013e-06
401	1.3964262354358197e-05	15	9.36754403602415e-06
402	7.628058661308039e-06	9	3.2737364658836804e-06
403	1.1730668159008998e-05	14	6.622445789423885e-06
404	7.606456725787579e-06	10	2.5442943032568116e-06
405	7.931125727373132e-06	10	3.1648019356504896e-06
406	7.404559046934167e-06	9	2.335538914126952e-06
407	9.499507825058826e-06	13	4.60931099608981e-06
408	6.6366439246586475e-06	13	3.1269872754182424e-06
409	9.07335013949437e-06	13	4.3824704883900244e-06
410	9.4138793498769e-06	10	3.940903713415682e-06
411	6.571972963826727e-06	5	2.04773380641464e-06
412	9.68851540321659e-06	8	4.576723500769608e-06
413	9.004386113809007e-06	11	3.947287512309744e-06
414	1.1689671828854433e-05	8	6.531688818869559e-06
415	7.283991616179e-06	12	2.9374640405895348e-06
416	9.233090065452303e-06	11	4.239489343340432e-06
417	5.676445989805746e-06	5	1.3591137249320734e-06
418	8.346881825716385e-06	13	3.421362253583242e-06
419	1.0738798399390604e-05	11	5.4656345953406394e-06
420	8.250729287948383e-06	9	3.0550822761231767e-06
421	8.322418304266638e-06	10	4.068610304858583e-06
422	8.0143474723993e-06	9	3.1706853455258115e-06
423	7.54897635397883e-06	11	2.585441871940066e-06
424	7.793252842064771e-06	7	2.62053222546228e-06
425	6.736112990527016e-06	9	2.2533465442503422e-06
426	7.17739974725192e-06	7	2.200107947031054e-06
427	6.337343686159875e-06	9	1.9264077162127843e-06
428	8.144965488789261e-06	11	3.339097134993007e-06
429	9.690543933986642e-06	10	4.457919602494968e-06
430	7.567565043901332e-06	10	2.6191005171498115e-06
431	7.4434618551668614e-06	9	2.9228292649308575e-06
432	8.571038538835044e-06	9	3.948269197940185e-06
433	1.1892930841288527e-05	11	6.6873620073331335e-06
434	6.701112859391871e-06	8	1.7028975573297827e-06
435	6.8227523736080325e-06	8	2.2527276972915043e-06
436	8.483287984194268e-06	9	2.8287311221691844e-06
437	1.1276526941806334e-05	15	6.6955617167556215e-06
438	6.520363677286867e-06	8	1.6876257977839718e-06
439	7.5914071981251296e-06	9	3.130975494363737e-06
440	6.78674482086408e-06	9	1.9114993369314376e-06
441	9.836355372030323e-06	11	5.143015325180181e-06
442	6.833776946833955e-06	6	1.491016868729995e-06
443	8.514694644595537e-06	9	4.061295083297531e-06
444	7.681212724618328e-06	9	2.2159997561329003e-06
445	5.6780623743257155e-06	6	1.589657489364561e-06
446	8.938483255459007e-06	12	4.256441800231092e-06
447	9.577917986182414e-06	13	4.721566346381069e-06
448	6.985132794052837e-06	10	2.301817894266282e-06
449	5.991732421837764e-06	8	2.094399786457316e-06
450	6.274383276504836e-06	4	1.1827555813352445e-06
451	1.0606109275789289e-05	17	6.460640601270356e-06
452	6.2381654328998165e-06	6	1.2807034901444484e-06
453	8.111742213678656e-06	13	3.5466907000962628e-06
454	8.7175455185023e-06	12	4.047831972722662e-06
455	7.892432809707326e-06	12	3.358344850831585e-06
456	8.767782642213127e-06	12	4.438909442552732e-06
457	6.668006606842077e-06	8	2.256338512674099e-06
458	6.021595136870238e-06	7	1.4078027138657798e-06
459	8.761412405559334e-06	10	3.653305252311285e-06
460	7.883230972025708e-06	8	2.509507731404789e-06
461	6.778914030697834e-06	4	1.1982583245816006e-06
462	6.325716726689718e-06	8	1.7837056438499116e-06
463	1.5027135644776017e-05	12	1.060430874682384e-05
464	1.4189780870547811e-05	10	8.82825123095383e-06
465	6.841620586007133e-06	8	1.8689975172031371e-06
466	7.238833563073151e-06	8	2.519424686664764e-06
467	7.752706577954862e-06	10	3.4992698310083395e-06
468	6.97110793701731e-06	7	1.6727379018619238e-06
469	6.187502899944348e-06	7	1.4155193600712289e-06
470	1.2168728863031734e-05	7	6.957466363215518e-06
471	7.045280599778691e-06	6	2.326109380847194e-06
472	2.2291532291959466e-05	9	1.6636412613499067e-05
473	7.4155735146108235e-06	10	2.725051911320506e-06
474	7.489466031829857e-06	7	2.011823633913886e-06
475	6.949534211462954e-06	5	1.800964970110285e-06
476	9.319150268699348e-06	12	4.831181328828468e-06
477	6.154820737229073e-06	6	1.3409621862534583e-06
478	7.584115849660148e-06	9	2.795015019860747e-06
479	6.752068365549996e-06	8	2.348807866129838e-06
480	6.37682104350268e-06	6	1.7160202306524691e-06
481	7.849765348678102e-06	11	3.4073344128867633e-06
482	9.30986970195668e-06	15	4.757940442898898e-06
483	6.960991069485796e-06	7	1.811629768334942e-06
484	6.689801358568282e-06	10	2.6686716287430143e-06
485	1.145273362018841e-05	14	6.957693161985185e-06
486	7.183902099272755e-06	8	2.068853120164736e-06
487	6.726795522389897e-06	8	1.9247829760141766e-06
488	1.0835876868325284e-05	17	6.258613980649578e-06
489	9.82560708173279e-06	11	5.236743095300451e-06
490	7.933696680634659e-06	9	2.8951201662772535e-06
491	9.189150938470476e-06	8	4.184718839909915e-06
492	1.2045425724064604e-05	12	7.1105981011191055e-06
493	6.396265520367571e-06	10	2.235268579141557e-06
494	6.3069323716853855e-06	8	1.8118786127614865e-06
495	8.637162886930945e-06	11	3.5951772823803935e-06
496	8.588756281541484e-06	10	3.6320659667343953e-06
497	7.984416011454753e-06	10	3.343743238379775e-06
498	8.277986495539618e-06	8	3.898747324933418e-06
499	7.150363480241664e-06	10	2.7598808327039864e-06
500	9.425855358314792e-06	8	4.3559479905538205e-06
501	7.439391785957976e-06	11	3.2278886765656978e-06
502	9.38988171541485e-06	13	4.624524458905447e-06
503	1.131502906571297e-05	11	6.256428182452363e-06
504	8.662831670527825e-06	9	3.2785602841617483e-06
505	6.16519984425129e-06	4	1.0517385905051264e-06
506	8.222231978171417e-06	10	3.600599038163399e-06
507	6.874275460035519e-06	12	2.5942580376033793e-06
508	7.898675883498479e-06	9	3.122741841430713e-06
509	8.615318310863736e-06	10	3.929134052688058e-06
510	8.095604751078334e-06	8	2.6718257021361036e-06
511	7.000146321602466e-06	9	2.0117494630859613e-06
512	8.049262120819343e-06	15	3.6879246097713595e-06
513	6.823054966124216e-06	6	1.1694905337328417e-06
514	6.258612378545068e-06	5	1.0569267297098516e-06
515	6.248088603658372e-06	8	1.8483894161051578e-06
516	8.59754773415104e-06	12	3.5873484614528233e-06
517	7.849933776637328e-06	8	2.501426788077157e-06
518	1.1713396958103068e-05	9	5.611109638622589e-06
519	7.679996192427852e-06	5	2.65639379680432e-06
520	7.320406058864531e-06	9	2.553356161788135e-06
521	7.805690451191691e-06	7	1.843008393879158e-06
522	5.243708441918651e-06	3	7.73817715954141e-07
523	6.056410865831044e-06	6	1.3981963191870252e-06
524	1.0044684102667246e-05	9	5.219601641289662e-06
525	7.119570361579926e-06	7	1.8093487426828326e-06
526	1.0577991636533813e-05	8	5.491571747919226e-06
527	8.786697121912605e-06	14	4.4500957546084174e-06
528	8.98378343757922e-06	13	4.799603455974654e-06
529	7.133048362168259e-06	8	2.414796679170672e-06
530	9.284096978528175e-06	11	4.973166303428293e-06
531	8.292655866983219e-06	13	3.8116723307493316e-06
532	8.100879360826876e-06	10	3.4943398966305182e-06
533	9.639946169116809e-06	15	5.30676345044223e-06
534	8.660502779063285e-06	8	3.044704595197786e-06
535	7.212104712295622e-06	10	2.7531521175962426e-06
536	6.980520499848372e-06	9	2.30392463917257e-06
537	8.780599894977607e-06	11	4.100185150902373e-06
538	7.780057858361148e-06	10	2.942220316922683e-06
539	6.650646936823501e-06	5	1.235251387173548e-06
540	1.178111054041976e-05	11	7.1606268863135996e-06
541	7.409502451210758e-06	12	2.72657661245136e-06
542	7.677780849872437e-06	8	2.494826018502306e-06
543	6.471728437250153e-06	7	2.168952456118172e-06
544	7.123814358424319e-06	8	2.1367491264666554e-06
545	6.02908144545064e-06	8	1.7752318788170768e-06
546	7.829033125915e-06	12	3.099668695690639e-06
547	1.0731518038931194e-05	10	6.243383870438229e-06
548	1.0550630452904987e-05	13	5.964127007290121e-06
549	9.638921144967118e-06	9	4.369832696182978e-06
550	1.2313843399473384e-05	13	7.685607336938045e-06
551	9.004801371967717e-06	9	3.259917520046369e-06
552	7.620692793074406e-06	11	2.957211179518362e-06
553	9.298961611072431e-06	13	4.516276848254157e-06
554	9.644856226978763e-06	9	4.898036427996842e-06
555	8.294536907980329e-06	13	4.160776232840742e-06
556	6.119210021239971e-06	9	2.104686369105993e-06
557	7.337285808053867e-06	9	2.5658076774708392e-06
558	5.5391480577182935e-06	9	1.6351158839568905e-06
559	1.0825799310127921e-05	10	5.906050221139644e-06
560	8.209863003350157e-06	10	3.2182818551819894e-06
561	7.924229973850466e-06	11	3.3845569557668397e-06
562	7.384094976089385e-06	12	3.114910957259635e-06
563	8.710746600413437e-06	11	3.877969260782403e-06
564	7.313716824864549e-06	7	2.38602889087947e-06
565	7.1014510044536686e-06	11	3.1611927688002775e-06
566	9.83287858472303e-06	13	5.107903327255684e-06
567	9.22401974268817e-06	9	4.203644671354819e-06
568	7.682557340783241e-06	11	3.139580772337293e-06
569	7.918519738560964e-06	10	3.105513842565704e-06
570	6.871054144125378e-06	9	2.3649254631109636e-06
571	6.404388296814322e-06	8	2.0531850212144466e-06
572	7.617134717327819e-06	10	2.5498683191580956e-06
573	5.963754029670294e-06	11	1.981686848524967e-06
574	7.32544073620674e-06	9	2.6654540886983613e-06
575	6.26262623927104e-06	6	1.6746433156129106e-06
576	7.533938618574933e-06	9	2.794424757422255e-06
577	7.933747655663824e-06	10	3.05640398115915e-06
578	6.700998676953372e-06	7	1.6026119882145983e-06
579	6.748629085647978e-06	10	2.3906584747309146e-06
580	8.062145215909513e-06	9	3.4597626462192245e-06
581	8.65295645835904e-06	8	4.107022120746588e-06
582	8.272608807407992e-06	11	3.910792210092604e-06
583	7.751282301955406e-06	8	2.9359962435966466e-06
584	8.809969972811889e-06	14	4.6065429661009495e-06
585	8.725569737199644e-06	10	3.0774530884705855e-06
586	9.655250454814297e-06	11	4.8208643157285e-06
587	1.0997996535280776e-05	12	5.921578638304528e-06
588	6.903546526891664e-06	7	1.770069615029747e-06
589	7.303189571018175e-06	7	2.3183172984490577e-06
590	9.119119339513185e-06	13	4.152056590856547e-06
591	8.638529851395446e-06	14	3.794960451943034e-06
592	7.931744299553853e-06	9	2.7959299419617838e-06
593	7.371703320118698e-06	9	2.5723372981568763e-06
594	5.8662052926522365e-06	4	7.969934867858923e-07
595	8.472896560976333e-06	12	4.0638000700604735e-06
596	8.171535635565331e-06	13	3.4637743552452953e-06
597	8.346773177605735e-06	12	3.4907279965496213e-06
598	8.392444267618506e-06	9	3.45662283276378e-06
599	7.885255744499218e-06	11	3.3277138443837967e-06
600	8.62423374685242e-06	9	2.9079088413176843e-06
601	7.315654232939064e-06	10	2.9063233779881863e-06
602	9.627181249946602e-06	9	4.2873594349424265e-06
603	7.617862364023608e-06	9	2.550077002011885e-06
604	1.1602559465246691e-05	16	7.5709788549446024e-06
605	6.743433887858217e-06	6	2.470378369527589e-06
606	7.612841288478857e-06	9	2.5546772104921494e-06
607	9.544262273182527e-06	12	5.2947119339447715e-06
608	7.931043156621259e-06	9	2.7984609948468336e-06
609	7.92356149697054e-06	12	3.7271277990754113e-06
610	5.7411769958057815e-06	9	1.9391505672525343e-06
611	5.881313768574054e-06	6	1.0852439469229027e-06
612	9.090659078890872e-06	13	4.500357058610099e-06
613	6.454018480398714e-06	6	1.6184063646159736e-06
614	6.617902779503915e-06	9	2.3357211280105616e-06
615	9.554693902825076e-06	12	4.4312561012442175e-06
616	6.688824877182738e-06	5	1.596426918900486e-06
617	8.295313569450727e-06	12	3.248814142963574e-06
618	6.457749433538409e-06	8	2.122634669431472e-06
619	1.1001828829320797e-05	11	6.656072906502369e-06
620	7.131998613729172e-06	9	2.6103965692385073e-06
621	8.57078723748528e-06	11	3.7114354252368726e-06
622	9.084192732709602e-06	13	4.4378847036966876e-06
623	8.482369944953058e-06	11	4.311469260571976e-06
624	6.642133507836451e-06	9	2.118811845118612e-06
625	6.643756961569612e-06	10	2.278363064333694e-06
626	8.954410206179675e-06	12	4.514181108773649e-06
627	8.05093620229502e-06	10	3.6211932638125942e-06
628	7.896832642046513e-06	9	2.804959286273357e-06
629	6.303993266228818e-06	5	1.061264437997411e-06
630	1.0448913348350641e-05	9	6.10832840004709e-06
631	7.535286665649099e-06	10	2.9152044264314517e-06
632	5.971513138825657e-06	6	1.1365276465642408e-06
633	5.309331609667375e-06	5	9.961957388313909e-07
634	7.326449565776211e-06	10	2.8818979039652466e-06
635	9.68297111723719e-06	12	5.322382603433996e-06
636	6.513226471281722e-06	8	1.9688137084589884e-06
637	7.607984245519009e-06	7	2.4261821463143208e-06
638	7.4379455143310265e-06	6	2.588869374698949e-06
639	6.0468678840180465e-06	8	2.1096051993478434e-06
640	6.74643401976045e-06	6	1.633939244697293e-06
641	9.044196214481764e-06	14	4.79614187350793e-06
642	7.653434325913042e-06	7	2.2403609013616015e-06
643	9.101906574685708e-06	11	3.598596737664323e-06
644	7.029562102801294e-06	9	2.5295332724764413e-06
645	7.268773989559595e-06	10	2.9778625809263856e-06
646	9.174493894078254e-06	11	4.639771861177188e-06
647	7.298311863743637e-06	10	3.23269651592034e-06
648	6.412755568917676e-06	7	1.747123542269488e-06
649	8.612478376041133e-06	14	4.79381091800866e-06
650	7.29591032999911e-06	13	3.28828234372757e-06
651	7.368037992233965e-06	9	2.720298128868722e-06
652	8.66094877385295e-06	13	4.273845815336437e-06
653	1.0162170709200684e-05	9	4.802594190128664e-06
654	7.226524488662191e-06	9	2.5200847013610835e-06
655	7.792647928282556e-06	10	2.9850437367836898e-06
656	6.662657212064685e-06	10	2.4368513463052006e-06
657	5.640936704602347e-06	3	6.461485431250871e-07
658	7.325497535361558e-06	12	3.01938929137981e-06
659	7.283823507745087e-06	8	2.2876332849178233e-06
660	7.52105404752367e-06	10	2.894735917354469e-06
661	7.993094568274167e-06	11	3.212356716231206e-06
662	7.652075567455583e-06	8	3.2873666599378878e-06
663	7.467493994642594e-06	12	3.3971446245821773e-06
664	8.151549578984196e-06	13	4.081597778883379e-06
665	9.819696145928634e-06	10	5.2418041894693005e-06
666	7.244676473635254e-06	13	3.2028943465692022e-06
667	7.763509648697656e-06	12	3.250705550756149e-06
668	7.288364772700959e-06	10	2.705795108648323e-06
669	1.0562097101526115e-05	11	6.273569324958844e-06
670	9.140743862393639e-06	12	4.230764612546036e-06
671	7.78483326549597e-06	10	2.9714609095476494e-06
672	7.843421652649461e-06	8	2.865875614076426e-06
673	7.125340136834614e-06	3	9.967669390958417e-07
674	7.482219302865e-06	7	2.31016940150849e-06
675	6.829223950400151e-06	8	2.274104857634074e-06
676	7.742151383457871e-06	12	3.804428857441529e-06
677	7.427813821686271e-06	7	2.3383383675899628e-06
678	7.2220829136196106e-06	13	3.110426432498525e-06
679	9.457704230059256e-06	9	3.979158123533123e-06
680	6.25182096553465e-06	10	2.1507881617377555e-06
681	8.15593935776873e-06	9	2.699953650400316e-06
682	6.735606999738389e-06	8	1.901113480688931e-06
683	7.147226969923275e-06	9	2.872485054374848e-06
684	7.168788234205024e-06	10	2.7335305098938592e-06
685	6.752002936207515e-06	8	2.0736019791239163e-06
686	8.658075074479813e-06	14	4.943671297355149e-06
687	8.365346374600518e-06	10	3.4891985492854206e-06
688	9.046265708369692e-06	7	3.4860300292359086e-06
689	9.779924577616617e-06	11	4.347559567616873e-06
690	7.950577506100523e-06	10	3.0970127279739188e-06
691	8.792284394530525e-06	9	4.079875876121368e-06
692	7.3016296284466346e-06	11	2.6827381925576787e-06
693	7.621180423001226e-06	10	3.0340389033474896e-06
694	5.847870962570873e-06	7	1.4037095568131721e-06
695	7.643640117247454e-06	7	2.0061273305275753e-06
696	7.055531503236193e-06	7	2.558312425290336e-06
697	8.087539812132198e-06	10	2.9285168741483278e-06
698	8.422478137913385e-06	9	3.322127874969233e-06
699	6.452606275790871e-06	11	2.268571395451376e-06
700	8.212571498477479e-06	12	3.852635720964688e-06
701	7.0155818748809815e-06	8	1.9881051446091286e-06
702	6.811432561745e-06	10	2.6264270582228023e-06
703	6.89658994946934e-06	9	2.171983817645396e-06
704	8.568689767308896e-06	10	3.8144238170817177e-06
705	8.304058709413183e-06	7	2.8507302677079386e-06
706	9.358708466477757e-06	13	4.62424004279081e-06
707	8.373013293234604e-06	14	4.114820897678722e-06
708	9.193150899104333e-06	10	4.393560190289076e-06
709	8.153054667508975e-06	13	3.970239271209114e-06
710	7.315713281746879e-06	7	2.3376875066303143e-06
711	7.565578403132213e-06	11	2.720532479505396e-06
712	9.06670617028032e-06	10	3.86979754024524e-06
713	6.5855755185985105e-06	7	2.0064134596156957e-06
714	9.318388476771943e-06	17	5.148164535564376e-06
715	8.395024910405929e-06	10	3.481036655162627e-06
716	7.943327893023427e-06	12	3.6306448826069842e-06
717	9.171212564733651e-06	13	4.216546559980803e-06
718	8.848129698126236e-06	8	3.827339707728746e-06
719	9.422469202447117e-06	10	4.102946334960021e-06
720	7.147374246884558e-06	9	2.2150081368122807e-06
721	8.5349362556918e-06	10	4.13308943969436e-06
722	5.921240792488509e-06	9	1.7743116106927004e-06
723	7.585460695288592e-06	8	2.0821128706504707e-06
724	7.430098832595765e-06	10	2.4317111045662284e-06
725	7.589585283579862e-06	8	2.1055967769596256e-06
726	8.480532489080925e-06	16	4.447570880847702e-06
727	7.227250155599934e-06	10	2.3070582284422054e-06
728	6.960446309688292e-06	12	2.568146330748186e-06
729	7.087445227934832e-06	9	2.5866938909660527e-06
730	7.211085508549694e-06	12	3.089930405018167e-06
731	8.595917970712761e-06	11	3.88906145808121e-06
732	7.575927963329397e-06	6	2.677078521261852e-06
733	8.168037780734335e-06	10	2.8741095137674794e-06
734	7.379703929554009e-06	9	2.841329967850808e-06
735	6.799494174148309e-06	9	2.3282950690789613e-06
736	1.3577801484929425e-05	12	9.057659934295336e-06
737	6.289636729720605e-06	7	1.6733137871393006e-06
738	1.306404528405565e-05	14	8.488837555686689e-06
739	7.71761250354984e-06	11	3.1652042493060943e-06
740	8.66321650192086e-06	7	2.698530675376382e-06
741	8.806210340479987e-06	9	3.066323838034833e-06
742	6.525353266037053e-06	8	1.3945550147986134e-06
743	8.718547899972198e-06	14	4.72262647053842e-06
744	8.45247861916761e-06	9	4.380450213469104e-06
745	7.3309474016854494e-06	6	1.9934168128706523e-06
746	9.023876356908563e-06	11	4.579130995310278e-06
747	6.587786150974763e-06	8	1.7019225214229395e-06
748	8.236913506548987e-06	9	3.0895280583483437e-06
749	6.558761543107743e-06	9	2.155676919239857e-06
750	7.129704028708797e-06	9	2.8355159277133e-06
751	2.1987519162166827e-05	10	1.758768017703883e-05
752	7.606493716670284e-06	9	2.930001246199336e-06
753	6.701560744345956e-06	7	1.6258589941382488e-06
754	1.2745625904816295e-05	15	8.05782900161112e-06
755	7.114143110062068e-06	7	2.1535465666940465e-06
756	8.721659015472088e-06	12	4.9736392877237465e-06
757	7.75970262976534e-06	11	3.3344512189697196e-06
758	8.957368257558602e-06	10	3.6352417700947144e-06
759	7.722120568661126e-06	11	2.8965517593164955e-06
760	8.357413235535256e-06	12	3.6271574683886205e-06
761	7.633392663906682e-06	12	3.1645609614407526e-06
762	6.552415499668418e-06	6	1.39455547750193e-06
763	8.248745511371743e-06	9	3.767231635939305e-06
764	9.549718083504496e-06	13	4.614149566899815e-06
765	7.381341629962554e-06	9	2.497590314373039e-06
766	6.567473343330669e-06	7	1.4240286205736527e-06
767	9.081383231192604e-06	9	4.310638313420485e-06
768	1.0862263195311118e-05	18	6.518484693167371e-06
769	1.3286561757761905e-05	9	8.495210864756275e-06
770	9.244553342178655e-06	12	4.4541699393841235e-06
771	8.317619239142661e-06	8	3.3055354991288135e-06
772	8.606135245297555e-06	8	3.0386142982601213e-06
773	6.8376929359653e-06	13	2.9502002143894957e-06
774	8.916171584465604e-06	14	4.566513492928408e-06
775	8.151784026732627e-06	13	3.752914727293374e-06
776	8.714723907309817e-06	9	3.874803967748548e-06
777	7.800179051813804e-06	10	3.06572415621249e-06
778	7.37256058168131e-06	10	2.784692879971384e-06
779	8.47263481440769e-06	6	2.7372204973851255e-06
780	7.639382985793282e-06	10	3.074469672386182e-06
781	5.338021182856263e-06	4	7.801326173373351e-07
782	7.119075181921524e-06	7	1.8406081334141936e-06
783	7.80403367459999e-06	15	4.0626364912836055e-06
784	5.797546151001365e-06	9	1.9565486564391228e-06
785	8.886935192498297e-06	12	4.563549287919819e-06
786	6.085679918203643e-06	4	1.1468523032045833e-06
787	7.851189939990209e-06	9	3.5384496283936373e-06
788	7.324899678497384e-06	11	2.771106875927946e-06
789	1.0962629947272204e-05	15	6.295843223838632e-06
790	7.507982570586771e-06	11	2.980064601229255e-06
791	9.052322419324983e-06	12	4.4231576336010506e-06
792	7.571981879619073e-06	8	3.0464258615157582e-06
793	1.0656907274349705e-05	10	5.312958605087831e-06
794	1.1509895039479704e-05	12	5.799073287654018e-06
795	6.859373375842563e-06	9	2.0464824230225574e-06
796	1.2733757478979533e-05	9	7.402874631932118e-06
797	6.431718408503039e-06	9	2.0312499594215067e-06
798	8.175786306088187e-06	6	3.3252137142566047e-06
799	7.687389552252678e-06	11	3.3400763200129614e-06
800	6.276492205172536e-06	6	1.515286654041533e-06
801	7.686374655010929e-06	8	2.8724609948933595e-06
802	8.991717713043903e-06	14	4.419056262773189e-06
803	8.244349971711278e-06	12	3.769329284441203e-06
804	7.5569378611944775e-06	6	2.4266227274840553e-06
805	6.889805866861147e-06	7	2.1764358324799496e-06
806	1.5241293411754591e-05	16	1.0617439196441334e-05
807	8.051718426622413e-06	10	2.8115615143116372e-06
808	7.379594240995294e-06	9	2.855390116779194e-06
809	8.39772944525748e-06	7	3.085904691966695e-06
810	8.848815719630613e-06	9	3.2441514405186305e-06
811	6.752806582326546e-06	7	2.1855023680817584e-06
812	8.92786627264534e-06	13	3.9586730585308485e-06
813	9.39857321107636e-06	13	4.893529717369408e-06
814	1.1543631370941566e-05	12	6.160348248239255e-06
815	8.003310217306686e-06	8	2.7906541888510594e-06
816	7.408667118539973e-06	9	2.6952889171836954e-06
817	8.53335337083692e-06	12	4.31189799427578e-06
818	7.017866073731379e-06	12	2.97771490608073e-06
819	1.1394828965874287e-05	14	6.628220316490019e-06
820	5.939319549811684e-06	7	1.5453232475109792e-06
821	9.682589432150691e-06	12	4.51504926416216e-06
822	7.503345814749302e-06	14	3.3088647505698897e-06
823	7.3380656778955374e-06	7	2.1909082389624697e-06
824	7.87536173670198e-06	12	3.456732219676997e-06
825	8.745726843485427e-06	6	2.7609464889679416e-06
826	1.059590083450968e-05	14	5.559848409438021e-06
827	6.7344191800586375e-06	9	2.3428995920831463e-06
828	8.746188770029875e-06	9	4.02157513444488e-06
829	9.5551358145745e-06	9	4.698430502464987e-06
830	1.128734564690284e-05	17	7.23672176804697e-06
831	8.195733630067654e-06	10	3.293419601817234e-06
832	7.793986059185533e-06	11	3.0262212244317325e-06
833	9.550824184741432e-06	9	4.604662033816501e-06
834	8.977080175072995e-06	9	3.939054572584015e-06
835	6.7799370902303326e-06	7	1.4310791861732657e-06
836	7.2218212607661545e-06	9	2.3640577465921173e-06
837	7.436510100571911e-06	8	2.2551147700982446e-06
838	1.0170758975406943e-05	11	6.194068379579106e-06
839	6.743689536408499e-06	8	2.319582255601375e-06
840	8.254163709231858e-06	11	3.7791117845965813e-06
841	7.234321638602809e-06	6	2.1599567326659303e-06
842	7.242727713193415e-06	9	2.8500591078121454e-06
843	1.078930973684879e-05	12	5.575126234131671e-06
844	7.452775221984378e-06	9	2.6603192646828087e-06
845	5.457568456984288e-06	4	9.374075160129397e-07
846	5.791330223594416e-06	6	1.1414472436231877e-06
847	7.3867452752610504e-06	9	2.277925459239324e-06
848	8.366157093003522e-06	9	3.351384494943381e-06
849	9.364896601855745e-06	12	4.994846690210024e-06
850	1.0382100630208337e-05	9	5.361690751215249e-06
851	7.14862722341114e-06	4	1.5262822513880768e-06
852	1.2990000211986417e-05	11	7.58187762386151e-06
853	2.0671915459667076e-05	10	1.5197277946421718e-05
854	6.954011771407543e-06	11	2.5962188801511773e-06
855	6.430301050749919e-06	6	1.3857119028568593e-06
856	9.051078848906288e-06	8	3.821789680071435e-06
857	7.384923781033795e-06	6	2.795747463310591e-06
858	8.072964920469298e-06	14	3.6196363039947306e-06
859	8.304206742627301e-06	13	3.7279519856857383e-06
860	7.970506109779106e-06	7	1.9189417087286343e-06
861	1.0166479707395286e-05	11	5.254608100684285e-06
862	7.422584724807545e-06	9	2.2264917073874425e-06
863	7.64146933927579e-06	10	2.645184265910387e-06
864	7.545025960020352e-06	9	2.6596465516542558e-06
865	7.611584159528726e-06	9	2.6564664765464356e-06
866	9.122662766763453e-06	14	4.845586061377713e-06
867	6.936359313577712e-06	6	1.5278770209568405e-06
868	7.121747949033316e-06	11	3.0947812907582547e-06
869	9.704293864016472e-06	8	4.512092499649192e-06
870	8.108231026800503e-06	13	4.097010354107162e-06
871	9.452684129336498e-06	10	4.350612749347859e-06
872	8.03774506191747e-06	9	3.1441990020574075e-06
873	8.079340315741128e-06	8	2.5491824685596e-06
874	7.21318444836507e-06	10	2.9141163064389954e-06
875	6.746740451325575e-06	8	1.8492785992291984e-06
876	8.580771593052463e-06	9	3.4348945701428114e-06
877	6.247860767838622e-06	8	1.6990958270809113e-06
878	6.636879674336067e-06	8	1.955746069893578e-06
879	8.685657433996646e-06	14	4.825532918339118e-06
880	7.597064000012281e-06	11	2.9333591397317643e-06
881	7.57897795481962e-06	7	1.9448821320594166e-06
882	6.5696922322539e-06	8	2.129302632194127e-06
883	7.132642331013818e-06	7	2.16910915359104e-06
884	8.454334659116114e-06	12	3.938117076441986e-06
885	1.2662604785348444e-05	11	8.253236170497879e-06
886	6.5980695842613e-06	6	1.5356309241125822e-06
887	6.843737358602636e-06	11	2.5078770478598727e-06
888	8.904484082949932e-06	10	4.023820660493058e-06
889	8.53189059801856e-06	12	3.88133870133749e-06
890	6.275309212875334e-06	8	1.633100476045891e-06
891	1.007611625413643e-05	13	5.536931597152574e-06
892	7.954907960134382e-06	11	2.985298997163554e-06
893	7.764870723142434e-06	10	3.274321488415756e-06
894	6.960976913336746e-06	5	1.2349076410385577e-06
895	8.915940456486626e-06	11	4.582009918691446e-06
896	7.639850162456289e-06	7	2.558177883529651e-06
897	7.483971091462054e-06	12	2.7753548380507796e-06
898	7.372059952991263e-06	11	2.7090697312277757e-06
899	7.866959688925048e-06	9	2.824484663318425e-06
900	9.814958811854126e-06	10	5.013971968019161e-06
901	1.014730211986261e-05	14	4.878628454124036e-06
902	8.848657400024883e-06	15	4.151802401954241e-06
903	7.0579044014738455e-06	5	1.4324728746737843e-06
904	8.681396892318192e-06	9	4.440716162365259e-06
905	1.0456409722720672e-05	10	5.305327905928878e-06
906	7.192921712333045e-06	10	3.1593147951203515e-06
907	9.599798816477464e-06	14	4.958234231412194e-06
908	6.46475350281999e-06	8	1.7609973697386187e-06
909	8.278239540785034e-06	8	3.3351724536582375e-06
910	7.973260759305615e-06	12	3.2668711244353426e-06
911	7.746138032362258e-06	10	2.9288282649502374e-06
912	9.165909105130183e-06	12	3.990901718267128e-06
913	8.695078284709678e-06	12	4.049301108181624e-06
914	7.483525748297328e-06	10	2.8411190415024016e-06
915	9.150223794824864e-06	8	4.172428922226096e-06
916	9.00827722382905e-06	10	4.477977548761464e-06
917	9.532928645097724e-06	11	4.519700714605261e-06
918	8.190136015281389e-06	8	3.4322247814145556e-06
919	6.686688170423163e-06	10	2.479010295111123e-06
920	9.593758410581384e-06	12	4.8694800321537984e-06
921	9.78911054595566e-06	9	5.389928708956489e-06
922	6.86318359580677e-06	8	2.4694452700050616e-06
923	9.866430704520822e-06	8	4.422480097141763e-06
924	6.889198238972399e-06	9	2.1879683845799488e-06
925	9.418139443915096e-06	9	3.996286332995249e-06
926	8.398045933379365e-06	12	4.269537523954588e-06
927	5.982544963829513e-06	6	1.2952632724517558e-06
928	7.530182791652905e-06	10	2.6747682345157287e-06
929	7.86020293457893e-06	8	2.7551727004898163e-06
930	9.117306153897695e-06	12	4.3677913436069656e-06
931	7.385702409096563e-06	11	2.943014879542325e-06
932	7.570522905786253e-06	9	2.646961487891714e-06
933	7.536411475718497e-06	7	2.3082358056352124e-06
934	8.734681811063035e-06	12	3.833382515070024e-06
935	8.045851778600569e-06	12	3.4422921048948905e-06
936	9.393877377249886e-06	14	4.9709454601209905e-06
937	6.235810066208748e-06	7	1.729578319561577e-06
938	7.231617117708179e-06	12	3.421955393665101e-06
939	8.20630826370379e-06	11	3.851293806599222e-06
940	1.0077765843565351e-05	12	5.019780569139597e-06
941	6.777092817048946e-06	3	1.097966766769652e-06
942	8.155749642837517e-06	10	3.5941861646901942e-06
943	9.347996807872408e-06	12	4.384366231589733e-06
944	7.942466636666673e-06	9	3.1106351879495372e-06
945	8.008216345322511e-06	6	2.5865266672144103e-06
946	7.5745297749867755e-06	7	2.667792076989513e-06
947	6.623108888856664e-06	9	2.309129482191961e-06
948	6.129841955168322e-06	6	1.4885108847754838e-06
949	8.337174552486224e-06	14	3.715802960771259e-06
950	8.581078613643533e-06	7	2.946159631992074e-06
951	8.737965607500645e-06	12	4.344383176222563e-06
952	7.937975772208207e-06	12	3.195375755351253e-06
953	9.164829126163653e-06	12	4.352702317419086e-06
954	8.925915734221572e-06	10	3.835586856005042e-06
955	1.0283467569806708e-05	16	6.152221698551373e-06
956	9.153146304335312e-06	12	4.315447889919833e-06
957	1.228948094845382e-05	12	7.472454056882037e-06
958	8.815107232694681e-06	10	4.283418795315121e-06
959	6.583753020612091e-06	8	1.658705486951247e-06
960	6.147401968782061e-06	5	1.1924570784846174e-06
961	6.836910052872048e-06	6	1.1261422270839923e-06
962	7.345096749817043e-06	11	2.879003512326791e-06
963	6.936469671891654e-06	9	1.9540272255059694e-06
964	7.311621160288076e-06	12	2.9718245035846257e-06
965	9.430107376609907e-06	14	5.0255104184508865e-06
966	6.258029517787145e-06	7	1.768907553783742e-06
967	9.175936762051429e-06	9	3.659000577697148e-06
968	7.681336767894075e-06	7	2.570211773151421e-06
969	7.580380034818607e-06	10	2.7357449864010136e-06
970	8.308062659951291e-06	10	4.22729558971998e-06
971	8.975908138602607e-06	10	3.920704867699331e-06
972	7.287780088520627e-06	9	2.793198960850854e-06
973	8.172484958715176e-06	8	3.2858146436493234e-06
974	8.880551062377028e-06	11	4.471713468489062e-06
975	1.308597346956718e-05	10	8.368537947839335e-06
976	7.2447484411507915e-06	8	1.996972811202915e-06
977	8.009488288457469e-06	8	2.7704814238954994e-06
978	7.984488199836636e-06	8	3.0929730547621477e-06
979	6.3145711496730455e-06	9	2.0635686788645667e-06
980	7.145833157975988e-06	12	3.008755872181736e-06
981	8.217877254441454e-06	13	3.4585381110294e-06
982	8.174612874845e-06	8	3.0176591462299256e-06
983	9.724610047957502e-06	10	5.525336473278212e-06
984	6.060532754633564e-06	6	1.4192281153828084e-06
985	7.729074938661244e-06	14	3.368947787071697e-06
986	8.239532697986701e-06	9	3.600760675856013e-06
987	1.37546510011322e-05	9	8.167543606658209e-06
988	1.0067700904521441e-05	12	5.341894326766199e-06
989	1.067887962314169e-05	11	5.741137817859469e-06
990	7.222641502835066e-06	10	2.5034819675552836e-06
991	6.863569349639705e-06	10	2.775237297020749e-06
992	1.037297590951995e-05	15	6.057431598499654e-06
993	7.804796723078535e-06	11	2.841474612513667e-06
994	7.205123351632597e-06	10	2.707411961535136e-06
995	7.830301680524374e-06	10	2.5865254252581582e-06
996	7.087461987409808e-06	8	1.6909734053978954e-06
997	7.104156158046873e-06	11	3.2094110138250895e-06
998	1.0564582835539262e-05	10	5.2416707550971285e-06
999	1.0437971798261808e-05	15	6.637657863351649e-06
